table_name,ordinal_position,column_name,data_type,is_nullable
amateur_bowlers,1,id,bigint,NO
amateur_bowlers,2,name,character varying,NO
amateur_bowlers,3,name_kana,character varying,YES
amateur_bowlers,4,gender,character varying,YES
amateur_bowlers,5,dominant_arm,character varying,YES
amateur_bowlers,6,affiliation_name,character varying,YES
amateur_bowlers,7,equipment_contract,character varying,YES
amateur_bowlers,8,note,text,YES
amateur_bowlers,9,is_active,boolean,NO
amateur_bowlers,10,created_at,timestamp without time zone,YES
amateur_bowlers,11,updated_at,timestamp without time zone,YES
amateur_bowlers,12,amateur_no,character varying,NO
annual_dues,1,id,bigint,NO
annual_dues,2,pro_bowler_id,bigint,NO
annual_dues,3,year,smallint,NO
annual_dues,4,paid_at,date,YES
annual_dues,5,note,character varying,YES
annual_dues,6,created_at,timestamp without time zone,YES
annual_dues,7,updated_at,timestamp without time zone,YES
annual_schedule_rows,1,id,bigint,NO
annual_schedule_rows,2,annual_schedule_id,bigint,NO
annual_schedule_rows,3,tournament_id,bigint,YES
annual_schedule_rows,4,month,smallint,NO
annual_schedule_rows,5,sort_order,smallint,NO
annual_schedule_rows,6,start_date,date,YES
annual_schedule_rows,7,end_date,date,YES
annual_schedule_rows,8,date_label,character varying,YES
annual_schedule_rows,9,title,text,YES
annual_schedule_rows,10,eligibility,character varying,YES
annual_schedule_rows,11,region,character varying,YES
annual_schedule_rows,12,venue,text,YES
annual_schedule_rows,13,point_mark,character varying,YES
annual_schedule_rows,14,average_mark,character varying,YES
annual_schedule_rows,15,prize_mark,character varying,YES
annual_schedule_rows,16,title_mark,character varying,YES
annual_schedule_rows,17,note,text,YES
annual_schedule_rows,18,row_type,character varying,NO
annual_schedule_rows,19,source_type,character varying,NO
annual_schedule_rows,20,created_at,timestamp without time zone,YES
annual_schedule_rows,21,updated_at,timestamp without time zone,YES
annual_schedules,1,id,bigint,NO
annual_schedules,2,year,smallint,NO
annual_schedules,3,title,character varying,NO
annual_schedules,4,source_updated_on,date,YES
annual_schedules,5,source_url,text,YES
annual_schedules,6,notice,text,YES
annual_schedules,7,status,character varying,NO
annual_schedules,8,published_at,timestamp without time zone,YES
annual_schedules,9,created_by_user_id,bigint,YES
annual_schedules,10,updated_by_user_id,bigint,YES
annual_schedules,11,created_at,timestamp without time zone,YES
annual_schedules,12,updated_at,timestamp without time zone,YES
approved_ball_pro_bowler,1,id,bigint,NO
approved_ball_pro_bowler,2,pro_bowler_license_no,character varying,NO
approved_ball_pro_bowler,3,approved_ball_id,bigint,NO
approved_ball_pro_bowler,4,year,integer,YES
approved_ball_pro_bowler,5,created_at,timestamp without time zone,YES
approved_ball_pro_bowler,6,updated_at,timestamp without time zone,YES
approved_ball_pro_bowler,7,pro_bowler_id,bigint,YES
approved_balls,1,id,bigint,NO
approved_balls,2,name,character varying,NO
approved_balls,3,name_kana,character varying,YES
approved_balls,4,manufacturer,character varying,NO
approved_balls,6,approved,boolean,NO
approved_balls,7,created_at,timestamp without time zone,YES
approved_balls,8,updated_at,timestamp without time zone,YES
approved_balls,9,release_date,date,YES
approved_balls,10,manufacturer_id,bigint,YES
approved_balls,11,brand,character varying,YES
approved_balls,12,sort_name,character varying,YES
approved_balls,13,source_key,character varying,YES
approved_balls,14,source_url,text,YES
approved_balls,15,source_image_url,text,YES
approved_balls,16,image_path,text,YES
approved_balls,17,image_sha256,character varying,YES
approved_balls,18,catalog_status,character varying,NO
approved_balls,19,source_payload,json,YES
approved_balls,20,source_fingerprint,character varying,YES
approved_balls,21,first_seen_at,timestamp without time zone,YES
approved_balls,22,last_seen_at,timestamp without time zone,YES
approved_balls,23,imported_at,timestamp without time zone,YES
approved_balls,24,image_imported_at,timestamp without time zone,YES
approved_balls,25,usbc_match_status,character varying,NO
approved_balls,26,usbc_match_method,character varying,YES
approved_balls,27,usbc_matched_brand,character varying,YES
approved_balls,28,usbc_matched_name,character varying,YES
approved_balls,29,usbc_match_candidates,json,YES
approved_balls,30,usbc_checked_at,timestamp without time zone,YES
area,1,id,bigint,NO
area,2,name,text,NO
area,3,update_date,timestamp without time zone,YES
area,4,created_by,character varying,YES
area,5,updated_by,character varying,YES
ball_annual_registration_histories,1,id,bigint,NO
ball_annual_registration_histories,2,registration_id,bigint,NO
ball_annual_registration_histories,3,action,character varying,NO
ball_annual_registration_histories,4,from_status,character varying,YES
ball_annual_registration_histories,5,to_status,character varying,YES
ball_annual_registration_histories,6,acted_by_user_id,bigint,YES
ball_annual_registration_histories,7,note,text,YES
ball_annual_registration_histories,8,payload,json,YES
ball_annual_registration_histories,9,created_at,timestamp without time zone,YES
ball_annual_registration_histories,10,updated_at,timestamp without time zone,YES
ball_annual_registration_items,1,id,bigint,NO
ball_annual_registration_items,2,registration_id,bigint,NO
ball_annual_registration_items,3,used_ball_id,bigint,NO
ball_annual_registration_items,4,created_at,timestamp without time zone,YES
ball_annual_registration_items,5,updated_at,timestamp without time zone,YES
ball_annual_registrations,1,id,bigint,NO
ball_annual_registrations,2,pro_bowler_id,bigint,NO
ball_annual_registrations,3,registration_year,smallint,NO
ball_annual_registrations,4,revision,integer,NO
ball_annual_registrations,5,status,character varying,NO
ball_annual_registrations,6,submitted_at,timestamp without time zone,YES
ball_annual_registrations,7,submitted_by_user_id,bigint,YES
ball_annual_registrations,8,approved_at,timestamp without time zone,YES
ball_annual_registrations,9,approved_by_user_id,bigint,YES
ball_annual_registrations,10,returned_at,timestamp without time zone,YES
ball_annual_registrations,11,returned_by_user_id,bigint,YES
ball_annual_registrations,12,return_reason,text,YES
ball_annual_registrations,13,created_at,timestamp without time zone,YES
ball_annual_registrations,14,updated_at,timestamp without time zone,YES
ball_catalog_import_failures,1,id,bigint,NO
ball_catalog_import_failures,2,import_run_id,bigint,NO
ball_catalog_import_failures,3,manufacturer_id,bigint,YES
ball_catalog_import_failures,4,phase,character varying,NO
ball_catalog_import_failures,5,page_url,text,YES
ball_catalog_import_failures,6,product_url,text,YES
ball_catalog_import_failures,7,image_url,text,YES
ball_catalog_import_failures,8,error_message,text,NO
ball_catalog_import_failures,9,attempt_count,smallint,NO
ball_catalog_import_failures,10,resolved_at,timestamp without time zone,YES
ball_catalog_import_failures,11,created_at,timestamp without time zone,YES
ball_catalog_import_failures,12,updated_at,timestamp without time zone,YES
ball_catalog_import_runs,1,id,bigint,NO
ball_catalog_import_runs,2,manufacturer_id,bigint,YES
ball_catalog_import_runs,3,mode,character varying,NO
ball_catalog_import_runs,4,status,character varying,NO
ball_catalog_import_runs,5,started_at,timestamp without time zone,NO
ball_catalog_import_runs,6,completed_at,timestamp without time zone,YES
ball_catalog_import_runs,7,page_count,integer,NO
ball_catalog_import_runs,8,item_count,integer,NO
ball_catalog_import_runs,9,created_count,integer,NO
ball_catalog_import_runs,10,updated_count,integer,NO
ball_catalog_import_runs,11,unchanged_count,integer,NO
ball_catalog_import_runs,12,image_downloaded_count,integer,NO
ball_catalog_import_runs,13,image_reused_count,integer,NO
ball_catalog_import_runs,14,image_failed_count,integer,NO
ball_catalog_import_runs,15,error_count,integer,NO
ball_catalog_import_runs,16,cursor_url,text,YES
ball_catalog_import_runs,17,report,json,YES
ball_catalog_import_runs,18,created_at,timestamp without time zone,YES
ball_catalog_import_runs,19,updated_at,timestamp without time zone,YES
ball_info,1,id,bigint,NO
ball_info,2,brand,character varying,YES
ball_info,3,model,character varying,YES
ball_info,4,update_date,timestamp without time zone,YES
ball_info,5,created_by,character varying,YES
ball_info,6,updated_by,character varying,YES
ball_manufacturers,1,id,bigint,NO
ball_manufacturers,2,name,character varying,NO
ball_manufacturers,3,slug,character varying,NO
ball_manufacturers,4,base_url,text,NO
ball_manufacturers,5,catalog_url,text,NO
ball_manufacturers,6,is_active,boolean,NO
ball_manufacturers,7,sort_order,smallint,NO
ball_manufacturers,8,created_at,timestamp without time zone,YES
ball_manufacturers,9,updated_at,timestamp without time zone,YES
cache,1,key,character varying,NO
cache,2,value,text,NO
cache,3,expiration,integer,NO
cache_locks,1,key,character varying,NO
cache_locks,2,owner,character varying,NO
cache_locks,3,expiration,integer,NO
calendar_days,1,date,date,NO
calendar_days,2,holiday_name,character varying,YES
calendar_days,3,is_holiday,boolean,NO
calendar_days,4,rokuyou,character varying,YES
calendar_days,5,created_at,timestamp without time zone,YES
calendar_days,6,updated_at,timestamp without time zone,YES
calendar_events,1,id,bigint,NO
calendar_events,2,title,character varying,NO
calendar_events,3,start_date,date,NO
calendar_events,4,end_date,date,NO
calendar_events,5,venue,character varying,YES
calendar_events,6,kind,character varying,NO
calendar_events,7,created_at,timestamp without time zone,YES
calendar_events,8,updated_at,timestamp without time zone,YES
distribution_patterns,1,id,bigint,NO
distribution_patterns,2,created_at,timestamp without time zone,YES
distribution_patterns,3,updated_at,timestamp without time zone,YES
distribution_patterns,4,name,character varying,NO
distribution_patterns,5,type,character varying,NO
districts,1,id,bigint,NO
districts,2,name,character varying,NO
districts,3,label,character varying,NO
districts,4,created_at,timestamp without time zone,YES
districts,5,updated_at,timestamp without time zone,YES
failed_jobs,1,id,bigint,NO
failed_jobs,2,uuid,character varying,NO
failed_jobs,3,connection,text,NO
failed_jobs,4,queue,text,NO
failed_jobs,5,payload,text,NO
failed_jobs,6,exception,text,NO
failed_jobs,7,failed_at,timestamp without time zone,NO
flash_news,1,id,bigint,NO
flash_news,2,title,character varying,NO
flash_news,3,url,character varying,NO
flash_news,4,created_at,timestamp without time zone,YES
flash_news,5,updated_at,timestamp without time zone,YES
game_scores,1,id,bigint,NO
game_scores,2,tournament_id,bigint,NO
game_scores,3,stage,character varying,NO
game_scores,4,license_number,character varying,YES
game_scores,5,name,character varying,YES
game_scores,6,entry_number,character varying,YES
game_scores,7,game_number,integer,NO
game_scores,8,score,integer,NO
game_scores,9,created_at,timestamp without time zone,YES
game_scores,10,updated_at,timestamp without time zone,YES
game_scores,11,shift,character varying,YES
game_scores,12,gender,character varying,YES
game_scores,13,pro_bowler_id,bigint,YES
game_scores,14,tournament_participant_id,bigint,YES
group_mail_recipients,1,id,bigint,NO
group_mail_recipients,2,mailout_id,bigint,NO
group_mail_recipients,3,pro_bowler_id,bigint,NO
group_mail_recipients,4,email,character varying,NO
group_mail_recipients,5,status,character varying,NO
group_mail_recipients,6,sent_at,timestamp without time zone,YES
group_mail_recipients,7,error_message,text,YES
group_mail_recipients,8,created_at,timestamp without time zone,YES
group_mail_recipients,9,updated_at,timestamp without time zone,YES
group_mailouts,1,id,bigint,NO
group_mailouts,2,group_id,bigint,NO
group_mailouts,3,sender_user_id,bigint,NO
group_mailouts,4,subject,character varying,NO
group_mailouts,5,body,text,NO
group_mailouts,6,from_address,character varying,YES
group_mailouts,7,from_name,character varying,YES
group_mailouts,8,status,character varying,NO
group_mailouts,9,sent_count,integer,NO
group_mailouts,10,fail_count,integer,NO
group_mailouts,11,created_at,timestamp without time zone,YES
group_mailouts,12,updated_at,timestamp without time zone,YES
group_members,1,id,bigint,NO
group_members,2,group_id,bigint,NO
group_members,3,pro_bowler_id,bigint,NO
group_members,4,source,character varying,NO
group_members,5,assigned_at,timestamp without time zone,YES
group_members,6,expires_at,date,YES
group_members,7,created_at,timestamp without time zone,YES
group_members,8,updated_at,timestamp without time zone,YES
groups,1,id,bigint,NO
groups,2,key,character varying,NO
groups,3,name,character varying,NO
groups,4,type,character varying,NO
groups,5,rule_json,json,YES
groups,6,retention,character varying,NO
groups,7,expires_at,date,YES
groups,8,show_on_mypage,boolean,NO
groups,9,created_at,timestamp without time zone,YES
groups,10,updated_at,timestamp without time zone,YES
groups,11,preset,character varying,YES
groups,12,action_mypage,boolean,NO
groups,13,action_email,boolean,NO
groups,14,action_postal,boolean,NO
hof_inductions,1,id,bigint,NO
hof_inductions,2,pro_id,bigint,NO
hof_inductions,3,year,smallint,NO
hof_inductions,4,citation,text,YES
hof_inductions,5,created_at,timestamp with time zone,YES
hof_inductions,6,updated_at,timestamp with time zone,YES
hof_photos,1,id,bigint,NO
hof_photos,2,hof_id,bigint,NO
hof_photos,3,url,text,NO
hof_photos,4,credit,character varying,YES
hof_photos,5,sort_order,integer,NO
hof_photos,6,created_at,timestamp with time zone,YES
hof_photos,7,updated_at,timestamp with time zone,YES
information_files,1,id,bigint,NO
information_files,2,information_id,bigint,NO
information_files,3,type,character varying,NO
information_files,4,title,character varying,YES
information_files,5,file_path,character varying,NO
information_files,6,visibility,character varying,NO
information_files,7,sort_order,integer,NO
information_files,8,created_at,timestamp without time zone,YES
information_files,9,updated_at,timestamp without time zone,YES
informations,1,id,bigint,NO
informations,2,title,character varying,NO
informations,3,body,text,NO
informations,4,is_public,boolean,NO
informations,5,starts_at,timestamp without time zone,YES
informations,6,ends_at,timestamp without time zone,YES
informations,7,audience,character varying,NO
informations,8,required_training_id,bigint,YES
informations,9,created_at,timestamp without time zone,YES
informations,10,updated_at,timestamp without time zone,YES
informations,11,category,character varying,NO
informations,12,published_at,timestamp without time zone,YES
instructor_registry,1,id,bigint,NO
instructor_registry,2,source_type,character varying,NO
instructor_registry,3,source_key,character varying,NO
instructor_registry,4,legacy_instructor_license_no,character varying,YES
instructor_registry,5,pro_bowler_id,bigint,YES
instructor_registry,6,license_no,character varying,YES
instructor_registry,7,cert_no,character varying,YES
instructor_registry,8,name,character varying,NO
instructor_registry,9,name_kana,character varying,YES
instructor_registry,10,sex,boolean,YES
instructor_registry,11,district_id,bigint,YES
instructor_registry,12,instructor_category,character varying,NO
instructor_registry,13,grade,character varying,YES
instructor_registry,14,coach_qualification,boolean,NO
instructor_registry,15,is_active,boolean,NO
instructor_registry,16,is_visible,boolean,NO
instructor_registry,17,last_synced_at,timestamp without time zone,YES
instructor_registry,18,notes,text,YES
instructor_registry,19,created_at,timestamp without time zone,YES
instructor_registry,20,updated_at,timestamp without time zone,YES
instructor_registry,21,source_registered_at,timestamp without time zone,YES
instructor_registry,22,is_current,boolean,NO
instructor_registry,23,superseded_at,timestamp without time zone,YES
instructor_registry,24,supersede_reason,character varying,YES
instructor_registry,25,renewal_year,smallint,YES
instructor_registry,26,renewal_due_on,date,YES
instructor_registry,27,renewal_status,character varying,YES
instructor_registry,28,renewed_at,date,YES
instructor_registry,29,renewal_note,text,YES
instructors,1,license_no,character varying,NO
instructors,2,pro_bowler_id,bigint,YES
instructors,3,name,character varying,NO
instructors,4,name_kana,character varying,YES
instructors,5,sex,boolean,NO
instructors,6,district_id,character varying,YES
instructors,7,instructor_type,character varying,NO
instructors,8,grade,character varying,YES
instructors,9,is_active,boolean,NO
instructors,10,is_visible,boolean,NO
instructors,11,coach_qualification,boolean,NO
instructors,12,created_at,timestamp without time zone,YES
instructors,13,updated_at,timestamp without time zone,YES
job_batches,1,id,character varying,NO
job_batches,2,name,character varying,NO
job_batches,3,total_jobs,integer,NO
job_batches,4,pending_jobs,integer,NO
job_batches,5,failed_jobs,integer,NO
job_batches,6,failed_job_ids,text,NO
job_batches,7,options,text,YES
job_batches,8,cancelled_at,integer,YES
job_batches,9,created_at,integer,NO
job_batches,10,finished_at,integer,YES
jobs,1,id,bigint,NO
jobs,2,queue,character varying,NO
jobs,3,payload,text,NO
jobs,4,attempts,smallint,NO
jobs,5,reserved_at,integer,YES
jobs,6,available_at,integer,NO
jobs,7,created_at,integer,NO
kaiin_status,1,id,bigint,NO
kaiin_status,2,name,character varying,NO
kaiin_status,3,reg_date,timestamp without time zone,YES
kaiin_status,4,del_flg,boolean,NO
kaiin_status,5,update_date,timestamp without time zone,YES
kaiin_status,6,created_by,character varying,YES
kaiin_status,7,updated_by,character varying,YES
kaiin_status,8,is_retired,boolean,NO
license,1,id,bigint,NO
license,2,name,text,NO
license,3,update_date,timestamp without time zone,YES
license,4,created_by,character varying,YES
license,5,updated_by,character varying,YES
managed_public_pages,1,id,bigint,NO
managed_public_pages,2,slug,character varying,NO
managed_public_pages,3,title,character varying,NO
managed_public_pages,4,body_html,text,NO
managed_public_pages,5,source_url,text,YES
managed_public_pages,6,navigation_group,character varying,YES
managed_public_pages,7,sort_order,smallint,NO
managed_public_pages,8,is_published,boolean,NO
managed_public_pages,9,published_at,timestamp without time zone,YES
managed_public_pages,10,source_checked_at,timestamp without time zone,YES
managed_public_pages,11,created_by_user_id,bigint,YES
managed_public_pages,12,updated_by_user_id,bigint,YES
managed_public_pages,13,created_at,timestamp without time zone,YES
managed_public_pages,14,updated_at,timestamp without time zone,YES
match_videos,1,id,bigint,NO
match_videos,2,video_url,text,NO
match_videos,3,description,text,YES
match_videos,4,created_at,timestamp without time zone,YES
match_videos,5,updated_at,timestamp without time zone,YES
media_publications,1,id,bigint,NO
media_publications,2,tournament_id,bigint,NO
media_publications,3,title,character varying,NO
media_publications,4,type,character varying,NO
media_publications,5,url,text,NO
media_publications,6,published_at,date,YES
media_publications,7,created_at,timestamp without time zone,YES
media_publications,8,updated_at,timestamp without time zone,YES
migrations,1,id,integer,NO
migrations,2,migration,character varying,NO
migrations,3,batch,integer,NO
official_profile_stat_snapshots,1,id,bigint,NO
official_profile_stat_snapshots,2,pro_bowler_id,bigint,NO
official_profile_stat_snapshots,3,license_no,character varying,NO
official_profile_stat_snapshots,4,source_url,text,NO
official_profile_stat_snapshots,5,captured_at,timestamp without time zone,NO
official_profile_stat_snapshots,6,perfect_count,integer,NO
official_profile_stat_snapshots,7,eight_hundred_count,integer,NO
official_profile_stat_snapshots,8,seven_ten_count,integer,NO
official_profile_stat_snapshots,9,payload,json,NO
official_profile_stat_snapshots,10,payload_hash,character varying,NO
official_profile_stat_snapshots,11,created_at,timestamp without time zone,YES
official_profile_stat_snapshots,12,updated_at,timestamp without time zone,YES
official_title_import_candidates,1,id,bigint,NO
official_title_import_candidates,2,pro_bowler_id,bigint,YES
official_title_import_candidates,3,license_no,character varying,YES
official_title_import_candidates,4,license_no_num,integer,YES
official_title_import_candidates,5,name_kanji,character varying,YES
official_title_import_candidates,6,title_name,character varying,NO
official_title_import_candidates,7,title_category,character varying,NO
official_title_import_candidates,8,year,smallint,YES
official_title_import_candidates,9,won_date,date,YES
official_title_import_candidates,10,venue_name,character varying,YES
official_title_import_candidates,11,source_url,text,NO
official_title_import_candidates,12,source_result_url,text,YES
official_title_import_candidates,13,source_label,character varying,YES
official_title_import_candidates,14,raw_text,text,YES
official_title_import_candidates,15,confidence,smallint,NO
official_title_import_candidates,16,status,character varying,NO
official_title_import_candidates,17,error,text,YES
official_title_import_candidates,18,candidate_hash,character varying,NO
official_title_import_candidates,19,promoted_pro_bowler_title_id,bigint,YES
official_title_import_candidates,20,created_at,timestamp without time zone,YES
official_title_import_candidates,21,updated_at,timestamp without time zone,YES
organization_masters,1,id,bigint,NO
organization_masters,2,name,character varying,NO
organization_masters,3,url,character varying,YES
organization_masters,4,created_at,timestamp without time zone,YES
organization_masters,5,updated_at,timestamp without time zone,YES
password_reset_tokens,1,email,character varying,NO
password_reset_tokens,2,token,character varying,NO
password_reset_tokens,3,created_at,timestamp without time zone,YES
place,1,id,bigint,NO
place,2,name,character varying,NO
place,3,address,character varying,YES
place,4,phone,character varying,YES
place,5,update_date,timestamp without time zone,YES
place,6,created_by,character varying,YES
place,7,updated_by,character varying,YES
point_distributions,1,id,bigint,NO
point_distributions,2,tournament_id,bigint,NO
point_distributions,3,rank,integer,NO
point_distributions,4,points,integer,NO
point_distributions,5,pattern_id,bigint,YES
point_distributions,6,created_at,timestamp without time zone,YES
point_distributions,7,updated_at,timestamp without time zone,YES
prize_distributions,1,id,bigint,NO
prize_distributions,2,tournament_id,bigint,NO
prize_distributions,3,rank,integer,NO
prize_distributions,4,amount,integer,NO
prize_distributions,5,pattern_id,bigint,YES
prize_distributions,6,created_at,timestamp without time zone,YES
prize_distributions,7,updated_at,timestamp without time zone,YES
pro_bowler_annual_records,1,id,bigint,NO
pro_bowler_annual_records,2,pro_bowler_id,bigint,NO
pro_bowler_annual_records,3,season_key,character varying,NO
pro_bowler_annual_records,4,season_start_year,smallint,NO
pro_bowler_annual_records,5,season_end_year,smallint,NO
pro_bowler_annual_records,6,ranking_rank,integer,YES
pro_bowler_annual_records,7,games,integer,YES
pro_bowler_annual_records,8,total_pin,bigint,YES
pro_bowler_annual_records,9,points,numeric,YES
pro_bowler_annual_records,10,average,numeric,YES
pro_bowler_annual_records,11,prize_money,bigint,YES
pro_bowler_annual_records,12,source_type,character varying,NO
pro_bowler_annual_records,13,source_url,text,YES
pro_bowler_annual_records,14,captured_at,timestamp without time zone,YES
pro_bowler_annual_records,15,created_at,timestamp without time zone,YES
pro_bowler_annual_records,16,updated_at,timestamp without time zone,YES
pro_bowler_biographies,1,id,bigint,NO
pro_bowler_biographies,2,pro_bowler_id,bigint,NO
pro_bowler_biographies,3,motto,character varying,YES
pro_bowler_biographies,4,message,text,YES
pro_bowler_biographies,5,notes,text,YES
pro_bowler_biographies,6,created_at,timestamp without time zone,YES
pro_bowler_biographies,7,updated_at,timestamp without time zone,YES
pro_bowler_instructor_info,1,id,bigint,NO
pro_bowler_instructor_info,2,pro_bowler_id,bigint,NO
pro_bowler_instructor_info,3,instructor_flag,boolean,NO
pro_bowler_instructor_info,4,lesson_center,character varying,YES
pro_bowler_instructor_info,5,lesson_notes,text,YES
pro_bowler_instructor_info,6,certifications,text,YES
pro_bowler_instructor_info,7,created_at,timestamp without time zone,YES
pro_bowler_instructor_info,8,updated_at,timestamp without time zone,YES
pro_bowler_links,1,id,bigint,NO
pro_bowler_links,2,pro_bowler_id,bigint,NO
pro_bowler_links,3,homepage_url,character varying,YES
pro_bowler_links,4,twitter_url,character varying,YES
pro_bowler_links,5,instagram_url,character varying,YES
pro_bowler_links,6,youtube_url,character varying,YES
pro_bowler_links,7,facebook_url,character varying,YES
pro_bowler_links,8,created_at,timestamp without time zone,YES
pro_bowler_links,9,updated_at,timestamp without time zone,YES
pro_bowler_official_history_imports,1,id,bigint,NO
pro_bowler_official_history_imports,2,pro_bowler_id,bigint,NO
pro_bowler_official_history_imports,3,annual_row_count,integer,NO
pro_bowler_official_history_imports,4,participation_year_count,integer,NO
pro_bowler_official_history_imports,5,tournament_row_count,integer,NO
pro_bowler_official_history_imports,6,source_url,text,YES
pro_bowler_official_history_imports,7,completed_at,timestamp without time zone,NO
pro_bowler_official_history_imports,8,created_at,timestamp without time zone,YES
pro_bowler_official_history_imports,9,updated_at,timestamp without time zone,YES
pro_bowler_profiles,1,id,bigint,NO
pro_bowler_profiles,2,pro_bowler_id,bigint,NO
pro_bowler_profiles,3,birthdate,date,YES
pro_bowler_profiles,4,birthplace,character varying,YES
pro_bowler_profiles,5,height_cm,integer,YES
pro_bowler_profiles,6,weight_kg,integer,YES
pro_bowler_profiles,7,blood_type,character varying,YES
pro_bowler_profiles,8,home_zip,character varying,YES
pro_bowler_profiles,9,home_address,character varying,YES
pro_bowler_profiles,10,phone_home,character varying,YES
pro_bowler_profiles,11,work_zip,character varying,YES
pro_bowler_profiles,12,work_address,character varying,YES
pro_bowler_profiles,13,work_place,character varying,YES
pro_bowler_profiles,14,phone_work,character varying,YES
pro_bowler_profiles,15,work_place_url,character varying,YES
pro_bowler_profiles,16,phone_mobile,character varying,YES
pro_bowler_profiles,17,fax_number,character varying,YES
pro_bowler_profiles,18,email,character varying,YES
pro_bowler_profiles,19,image_path,character varying,YES
pro_bowler_profiles,20,public_image_path,character varying,YES
pro_bowler_profiles,21,qr_code_path,character varying,YES
pro_bowler_profiles,22,mailing_preference,smallint,YES
pro_bowler_profiles,23,license_issue_date,date,YES
pro_bowler_profiles,24,pro_entry_year,integer,YES
pro_bowler_profiles,25,created_at,timestamp without time zone,YES
pro_bowler_profiles,26,updated_at,timestamp without time zone,YES
pro_bowler_ranking_rows,1,id,bigint,NO
pro_bowler_ranking_rows,2,ranking_snapshot_id,bigint,NO
pro_bowler_ranking_rows,3,ranking_rank,integer,NO
pro_bowler_ranking_rows,4,pro_bowler_id,bigint,YES
pro_bowler_ranking_rows,5,license_no,character varying,YES
pro_bowler_ranking_rows,6,name_kanji,character varying,YES
pro_bowler_ranking_rows,7,name_kana,character varying,YES
pro_bowler_ranking_rows,8,kibetsu,smallint,YES
pro_bowler_ranking_rows,9,organization_name,text,YES
pro_bowler_ranking_rows,10,equipment_contract,text,YES
pro_bowler_ranking_rows,11,points,numeric,YES
pro_bowler_ranking_rows,12,games,integer,YES
pro_bowler_ranking_rows,13,total_pin,integer,YES
pro_bowler_ranking_rows,14,average,numeric,YES
pro_bowler_ranking_rows,15,prize_money,bigint,YES
pro_bowler_ranking_rows,16,sort_order,integer,YES
pro_bowler_ranking_rows,17,created_at,timestamp without time zone,YES
pro_bowler_ranking_rows,18,updated_at,timestamp without time zone,YES
pro_bowler_ranking_snapshots,1,id,bigint,NO
pro_bowler_ranking_snapshots,2,ranking_year,integer,NO
pro_bowler_ranking_snapshots,3,gender,character varying,NO
pro_bowler_ranking_snapshots,4,ranking_type,character varying,NO
pro_bowler_ranking_snapshots,5,ranking_scope,character varying,NO
pro_bowler_ranking_snapshots,6,as_of_date,date,YES
pro_bowler_ranking_snapshots,7,is_final,boolean,NO
pro_bowler_ranking_snapshots,8,source_url,text,YES
pro_bowler_ranking_snapshots,9,notes,text,YES
pro_bowler_ranking_snapshots,10,created_at,timestamp without time zone,YES
pro_bowler_ranking_snapshots,11,updated_at,timestamp without time zone,YES
pro_bowler_seed_list_players,1,id,bigint,NO
pro_bowler_seed_list_players,2,seed_list_id,bigint,NO
pro_bowler_seed_list_players,3,pro_bowler_id,bigint,YES
pro_bowler_seed_list_players,4,license_no,character varying,YES
pro_bowler_seed_list_players,5,seed_category,character varying,NO
pro_bowler_seed_list_players,6,seed_rank,integer,YES
pro_bowler_seed_list_players,7,ranking_snapshot_id,bigint,YES
pro_bowler_seed_list_players,8,ranking_rank,integer,YES
pro_bowler_seed_list_players,9,source_tournament_id,bigint,YES
pro_bowler_seed_list_players,10,pro_bowler_title_id,bigint,YES
pro_bowler_seed_list_players,11,priority_order,integer,YES
pro_bowler_seed_list_players,12,note,text,YES
pro_bowler_seed_list_players,13,is_active,boolean,NO
pro_bowler_seed_list_players,14,created_at,timestamp without time zone,YES
pro_bowler_seed_list_players,15,updated_at,timestamp without time zone,YES
pro_bowler_seed_lists,1,id,bigint,NO
pro_bowler_seed_lists,2,seed_year,integer,NO
pro_bowler_seed_lists,3,gender,character varying,NO
pro_bowler_seed_lists,4,seed_list_type,character varying,NO
pro_bowler_seed_lists,5,source_ranking_snapshot_id,bigint,YES
pro_bowler_seed_lists,6,base_ranking_year,integer,YES
pro_bowler_seed_lists,7,base_top_count,integer,NO
pro_bowler_seed_lists,8,as_of_date,date,YES
pro_bowler_seed_lists,9,is_active,boolean,NO
pro_bowler_seed_lists,10,source_url,text,YES
pro_bowler_seed_lists,11,notes,text,YES
pro_bowler_seed_lists,12,created_at,timestamp without time zone,YES
pro_bowler_seed_lists,13,updated_at,timestamp without time zone,YES
pro_bowler_sponsors,1,id,bigint,NO
pro_bowler_sponsors,2,pro_bowler_id,bigint,NO
pro_bowler_sponsors,3,sponsor_name,character varying,NO
pro_bowler_sponsors,4,sponsor_note,character varying,YES
pro_bowler_sponsors,5,start_year,integer,YES
pro_bowler_sponsors,6,end_year,integer,YES
pro_bowler_sponsors,7,created_at,timestamp without time zone,YES
pro_bowler_sponsors,8,updated_at,timestamp without time zone,YES
pro_bowler_titles,1,id,bigint,NO
pro_bowler_titles,2,pro_bowler_id,bigint,NO
pro_bowler_titles,3,tournament_id,bigint,YES
pro_bowler_titles,4,title_name,character varying,NO
pro_bowler_titles,5,year,smallint,NO
pro_bowler_titles,6,won_date,date,YES
pro_bowler_titles,7,source,character varying,NO
pro_bowler_titles,8,created_at,timestamp without time zone,YES
pro_bowler_titles,9,updated_at,timestamp without time zone,YES
pro_bowler_titles,10,tournament_name,character varying,YES
pro_bowler_titles,11,source_url,text,YES
pro_bowler_titles,12,source_label,character varying,YES
pro_bowler_tournament_histories,1,id,bigint,NO
pro_bowler_tournament_histories,2,pro_bowler_id,bigint,NO
pro_bowler_tournament_histories,3,season_year,smallint,NO
pro_bowler_tournament_histories,4,held_on,date,NO
pro_bowler_tournament_histories,5,tournament_name,text,NO
pro_bowler_tournament_histories,6,ranking_rank,integer,YES
pro_bowler_tournament_histories,7,average,numeric,YES
pro_bowler_tournament_histories,8,prize_money,bigint,YES
pro_bowler_tournament_histories,9,source_type,character varying,NO
pro_bowler_tournament_histories,10,source_url,text,YES
pro_bowler_tournament_histories,11,source_fingerprint,character,NO
pro_bowler_tournament_histories,12,captured_at,timestamp without time zone,YES
pro_bowler_tournament_histories,13,created_at,timestamp without time zone,YES
pro_bowler_tournament_histories,14,updated_at,timestamp without time zone,YES
pro_bowler_tournament_history_syncs,1,id,bigint,NO
pro_bowler_tournament_history_syncs,2,pro_bowler_id,bigint,NO
pro_bowler_tournament_history_syncs,3,season_year,smallint,NO
pro_bowler_tournament_history_syncs,4,row_count,integer,NO
pro_bowler_tournament_history_syncs,5,source_url,text,YES
pro_bowler_tournament_history_syncs,6,captured_at,timestamp without time zone,NO
pro_bowler_tournament_history_syncs,7,created_at,timestamp without time zone,YES
pro_bowler_tournament_history_syncs,8,updated_at,timestamp without time zone,YES
pro_bowler_trainings,1,id,bigint,NO
pro_bowler_trainings,2,pro_bowler_id,bigint,NO
pro_bowler_trainings,3,training_id,bigint,NO
pro_bowler_trainings,4,completed_at,date,NO
pro_bowler_trainings,5,expires_at,date,NO
pro_bowler_trainings,6,proof_path,character varying,YES
pro_bowler_trainings,7,notes,text,YES
pro_bowler_trainings,8,created_at,timestamp without time zone,YES
pro_bowler_trainings,9,updated_at,timestamp without time zone,YES
pro_bowler_trainings,10,training_session_id,bigint,YES
pro_bowler_trainings,11,record_status,character varying,NO
pro_bowler_trainings,12,revoked_at,timestamp without time zone,YES
pro_bowler_trainings,13,recorded_by_user_id,bigint,YES
pro_bowlers,1,id,bigint,NO
pro_bowlers,2,license_no,character varying,NO
pro_bowlers,3,name_kanji,text,YES
pro_bowlers,4,name_kana,text,YES
pro_bowlers,5,sex,bigint,NO
pro_bowlers,6,district_id,bigint,YES
pro_bowlers,7,acquire_date,date,YES
pro_bowlers,8,is_active,boolean,NO
pro_bowlers,9,is_visible,boolean,NO
pro_bowlers,10,coach_qualification,boolean,NO
pro_bowlers,11,created_at,timestamp without time zone,YES
pro_bowlers,12,updated_at,timestamp without time zone,YES
pro_bowlers,13,kibetsu,smallint,YES
pro_bowlers,14,membership_type,character varying,YES
pro_bowlers,15,license_issue_date,date,YES
pro_bowlers,16,phone_home,character varying,YES
pro_bowlers,17,has_title,boolean,NO
pro_bowlers,18,is_district_leader,boolean,NO
pro_bowlers,19,has_sports_coach_license,boolean,NO
pro_bowlers,20,sports_coach_name,character varying,YES
pro_bowlers,21,birthdate,date,YES
pro_bowlers,22,birthplace,character varying,YES
pro_bowlers,23,height_cm,integer,YES
pro_bowlers,24,weight_kg,integer,YES
pro_bowlers,25,blood_type,character varying,YES
pro_bowlers,26,home_zip,character varying,YES
pro_bowlers,27,home_address,character varying,YES
pro_bowlers,28,work_zip,character varying,YES
pro_bowlers,29,work_address,character varying,YES
pro_bowlers,31,organization_url,character varying,YES
pro_bowlers,32,phone_work,character varying,YES
pro_bowlers,33,phone_mobile,character varying,YES
pro_bowlers,34,fax_number,character varying,YES
pro_bowlers,35,email,character varying,YES
pro_bowlers,36,image_path,character varying,YES
pro_bowlers,37,public_image_path,character varying,YES
pro_bowlers,38,qr_code_path,character varying,YES
pro_bowlers,39,mailing_preference,smallint,YES
pro_bowlers,40,pro_entry_year,smallint,YES
pro_bowlers,42,hobby,character varying,YES
pro_bowlers,43,bowling_history,character varying,YES
pro_bowlers,44,other_sports_history,text,YES
pro_bowlers,45,season_goal,character varying,YES
pro_bowlers,46,coach,character varying,YES
pro_bowlers,47,selling_point,text,YES
pro_bowlers,48,free_comment,text,YES
pro_bowlers,49,facebook,character varying,YES
pro_bowlers,50,twitter,character varying,YES
pro_bowlers,51,instagram,character varying,YES
pro_bowlers,52,rankseeker,character varying,YES
pro_bowlers,53,jbc_driller_cert,character varying,YES
pro_bowlers,54,a_license_date,date,YES
pro_bowlers,55,permanent_seed_date,date,YES
pro_bowlers,56,hall_of_fame_date,date,YES
pro_bowlers,57,birthdate_public,date,YES
pro_bowlers,58,memo,text,YES
pro_bowlers,59,usbc_coach,character varying,YES
pro_bowlers,60,a_class_status,character varying,YES
pro_bowlers,61,a_class_year,character varying,YES
pro_bowlers,62,b_class_status,character varying,YES
pro_bowlers,63,b_class_year,character varying,YES
pro_bowlers,64,c_class_status,character varying,YES
pro_bowlers,65,c_class_year,character varying,YES
pro_bowlers,66,master_status,character varying,YES
pro_bowlers,67,master_year,character varying,YES
pro_bowlers,68,coach_4_status,character varying,YES
pro_bowlers,69,coach_4_year,character varying,YES
pro_bowlers,70,coach_3_status,character varying,YES
pro_bowlers,71,coach_3_year,character varying,YES
pro_bowlers,72,coach_1_status,character varying,YES
pro_bowlers,73,coach_1_year,character varying,YES
pro_bowlers,74,kenkou_status,character varying,YES
pro_bowlers,75,kenkou_year,character varying,YES
pro_bowlers,76,school_license_status,character varying,YES
pro_bowlers,77,school_license_year,character varying,YES
pro_bowlers,78,license_no_num,integer,YES
pro_bowlers,79,titles_count,integer,NO
pro_bowlers,80,perfect_count,integer,NO
pro_bowlers,81,seven_ten_count,integer,NO
pro_bowlers,82,eight_hundred_count,integer,NO
pro_bowlers,83,award_total_count,integer,NO
pro_bowlers,84,organization_name,character varying,YES
pro_bowlers,85,organization_zip,character varying,YES
pro_bowlers,86,organization_addr1,character varying,YES
pro_bowlers,87,organization_addr2,character varying,YES
pro_bowlers,88,public_zip,character varying,YES
pro_bowlers,89,public_addr1,character varying,YES
pro_bowlers,90,public_addr2,character varying,YES
pro_bowlers,91,public_addr_same_as_org,boolean,YES
pro_bowlers,92,mailing_zip,character varying,YES
pro_bowlers,93,mailing_addr1,character varying,YES
pro_bowlers,94,mailing_addr2,character varying,YES
pro_bowlers,95,mailing_addr_same_as_org,boolean,YES
pro_bowlers,96,password_change_status,smallint,YES
pro_bowlers,97,login_id,character varying,YES
pro_bowlers,98,mypage_temp_password,character varying,YES
pro_bowlers,99,height_is_public,boolean,YES
pro_bowlers,100,weight_is_public,boolean,YES
pro_bowlers,101,blood_type_is_public,boolean,YES
pro_bowlers,102,dominant_arm,character varying,YES
pro_bowlers,103,motto,character varying,YES
pro_bowlers,104,equipment_contract,character varying,YES
pro_bowlers,105,coaching_history,text,YES
pro_bowlers,106,sponsor_a,character varying,YES
pro_bowlers,107,sponsor_a_url,character varying,YES
pro_bowlers,108,sponsor_b,character varying,YES
pro_bowlers,109,sponsor_b_url,character varying,YES
pro_bowlers,110,sponsor_c,character varying,YES
pro_bowlers,111,sponsor_c_url,character varying,YES
pro_bowlers,112,association_role,character varying,YES
pro_bowlers,113,a_license_number,integer,YES
pro_bowlers,114,birthdate_public_hide_year,boolean,NO
pro_bowlers,115,birthdate_public_is_private,boolean,NO
pro_bowlers,116,member_class,character varying,NO
pro_bowlers,117,can_enter_official_tournament,boolean,NO
pro_bowlers,118,official_win_count,integer,YES
pro_bowlers,119,official_total_games,integer,YES
pro_bowlers,120,official_total_pins,bigint,YES
pro_bowlers,121,official_total_prize_money,bigint,YES
pro_bowlers,122,official_career_average,numeric,YES
pro_bowlers,123,official_profile_url,character varying,YES
pro_bowlers,124,official_profile_imported_at,timestamp without time zone,YES
pro_bowlers,125,official_profile_import_error,text,YES
pro_bowlers,126,season_trial_win_count,integer,YES
pro_bowlers,127,training_compliance_status,character varying,NO
pro_bowlers,128,training_compliance_checked_at,timestamp without time zone,YES
pro_dsp,1,id,bigint,NO
pro_dsp,2,name,character varying,NO
pro_dsp,3,gender,character varying,YES
pro_dsp,4,license_no,character varying,NO
pro_dsp,5,created_at,timestamp without time zone,YES
pro_dsp,6,updated_at,timestamp without time zone,YES
pro_dsp,7,pro_bowler_id,bigint,YES
pro_group,1,id,bigint,NO
pro_group,2,name,character varying,NO
pro_group,3,update_date,timestamp without time zone,YES
pro_group,4,created_by,character varying,YES
pro_group,5,updated_by,character varying,YES
pro_test,1,id,bigint,NO
pro_test,2,name,character varying,NO
pro_test,3,sex_id,bigint,NO
pro_test,4,area_id,bigint,NO
pro_test,5,license_id,bigint,NO
pro_test,6,place_id,bigint,NO
pro_test,7,record_type_id,bigint,NO
pro_test,8,kaiin_status_id,bigint,NO
pro_test,9,test_category_id,bigint,NO
pro_test,10,test_venue_id,bigint,NO
pro_test,11,test_result_status_id,bigint,NO
pro_test,12,remarks,text,YES
pro_test,13,update_date,timestamp without time zone,YES
pro_test,14,created_by,character varying,YES
pro_test,15,updated_by,character varying,YES
pro_test_attachment,1,id,bigint,NO
pro_test_attachment,2,pro_test_id,bigint,NO
pro_test_attachment,3,file_path,character varying,NO
pro_test_attachment,4,file_type,character varying,YES
pro_test_attachment,5,original_file_name,character varying,YES
pro_test_attachment,6,mime_type,character varying,YES
pro_test_attachment,7,update_date,timestamp without time zone,YES
pro_test_attachment,8,created_by,character varying,YES
pro_test_attachment,9,updated_by,character varying,YES
pro_test_category,1,id,bigint,NO
pro_test_category,2,name,character varying,NO
pro_test_category,3,update_date,timestamp without time zone,YES
pro_test_category,4,created_by,character varying,YES
pro_test_category,5,updated_by,character varying,YES
pro_test_comment,1,id,bigint,NO
pro_test_comment,2,pro_test_id,bigint,NO
pro_test_comment,3,comment,text,NO
pro_test_comment,4,posted_by,character varying,YES
pro_test_comment,5,posted_at,timestamp without time zone,YES
pro_test_comment,6,update_date,timestamp without time zone,YES
pro_test_comment,7,created_by,character varying,YES
pro_test_comment,8,updated_by,character varying,YES
pro_test_result_status,1,id,bigint,NO
pro_test_result_status,2,status,character varying,NO
pro_test_result_status,3,update_date,timestamp without time zone,YES
pro_test_result_status,4,created_by,character varying,YES
pro_test_result_status,5,updated_by,character varying,YES
pro_test_schedule,1,id,bigint,NO
pro_test_schedule,2,year,integer,NO
pro_test_schedule,3,schedule_name,character varying,NO
pro_test_schedule,4,start_date,date,YES
pro_test_schedule,5,end_date,date,YES
pro_test_schedule,6,application_start,date,YES
pro_test_schedule,7,application_end,date,YES
pro_test_schedule,8,venue_id,bigint,YES
pro_test_schedule,9,update_date,timestamp without time zone,YES
pro_test_schedule,10,created_by,character varying,YES
pro_test_schedule,11,updated_by,character varying,YES
pro_test_score,1,id,bigint,NO
pro_test_score,2,pro_test_id,bigint,NO
pro_test_score,3,game_no,integer,NO
pro_test_score,4,score,integer,NO
pro_test_score,5,update_date,timestamp without time zone,YES
pro_test_score,6,created_by,character varying,YES
pro_test_score,7,updated_by,character varying,YES
pro_test_score_summary,1,id,bigint,NO
pro_test_score_summary,2,pro_test_id,bigint,NO
pro_test_score_summary,3,total_score,integer,YES
pro_test_score_summary,4,average_score,numeric,YES
pro_test_score_summary,5,passed_flag,boolean,NO
pro_test_score_summary,6,remarks,text,YES
pro_test_score_summary,7,update_date,timestamp without time zone,YES
pro_test_score_summary,8,created_by,character varying,YES
pro_test_score_summary,9,updated_by,character varying,YES
pro_test_status_log,1,id,bigint,NO
pro_test_status_log,2,pro_test_id,bigint,NO
pro_test_status_log,3,status_code,character varying,NO
pro_test_status_log,4,memo,text,YES
pro_test_status_log,5,changed_at,timestamp without time zone,YES
pro_test_status_log,6,updated_by,character varying,YES
pro_test_venue,1,id,bigint,NO
pro_test_venue,2,name,character varying,NO
pro_test_venue,3,address,character varying,YES
pro_test_venue,4,phone,character varying,YES
pro_test_venue,5,update_date,timestamp without time zone,YES
pro_test_venue,6,created_by,character varying,YES
pro_test_venue,7,updated_by,character varying,YES
record_certification_sequences,1,id,bigint,NO
record_certification_sequences,2,record_type,character varying,NO
record_certification_sequences,3,gender,character,NO
record_certification_sequences,4,next_number,bigint,NO
record_certification_sequences,5,prefix,character varying,YES
record_certification_sequences,6,suffix,character varying,YES
record_certification_sequences,7,is_enabled,boolean,NO
record_certification_sequences,8,created_at,timestamp without time zone,YES
record_certification_sequences,9,updated_at,timestamp without time zone,YES
record_types,1,id,bigint,NO
record_types,2,pro_bowler_id,bigint,NO
record_types,3,record_type,character varying,NO
record_types,4,tournament_name,character varying,NO
record_types,5,game_numbers,character varying,YES
record_types,6,frame_number,character varying,YES
record_types,7,awarded_on,date,YES
record_types,8,certification_number,character varying,YES
record_types,9,created_at,timestamp without time zone,YES
record_types,10,updated_at,timestamp without time zone,YES
record_types,11,tournament_id,bigint,YES
record_types,12,source_game_score_id,bigint,YES
record_types,13,score_series_definition_id,bigint,YES
record_types,14,stage,character varying,YES
record_types,15,shift,character varying,YES
record_types,16,gender,character,YES
record_types,17,series_label,character varying,YES
record_types,18,series_start_game,smallint,YES
record_types,19,series_end_game,smallint,YES
record_types,20,series_total,smallint,YES
record_types,21,series_scores,json,YES
record_types,22,status,character varying,NO
record_types,23,registration_mode,character varying,NO
record_types,24,detection_key,character varying,YES
record_types,25,source_type,character varying,YES
record_types,26,source_url,text,YES
record_types,27,source_label,character varying,YES
record_types,28,evidence_text,text,YES
record_types,29,warning,text,YES
record_types,30,detected_at,timestamp without time zone,YES
record_types,31,confirmed_at,timestamp without time zone,YES
record_types,32,confirmed_by,bigint,YES
record_types,33,count_applied_at,timestamp without time zone,YES
record_types,34,certification_number_value,bigint,YES
record_types,35,notes,text,YES
registered_balls,1,id,bigint,NO
registered_balls,2,license_no,character varying,NO
registered_balls,3,approved_ball_id,bigint,NO
registered_balls,4,serial_number,character varying,NO
registered_balls,5,registered_at,date,NO
registered_balls,8,created_at,timestamp without time zone,YES
registered_balls,9,updated_at,timestamp without time zone,YES
registered_balls,10,expires_at,date,YES
registered_balls,11,inspection_number,character varying,YES
registered_balls,12,pro_bowler_id,bigint,YES
score_import_batches,1,id,bigint,NO
score_import_batches,2,tournament_id,bigint,NO
score_import_batches,3,import_type,character varying,NO
score_import_batches,4,source_filename,character varying,YES
score_import_batches,5,stored_path,text,YES
score_import_batches,6,status,character varying,NO
score_import_batches,7,parser_version,character varying,YES
score_import_batches,8,imported_by,bigint,YES
score_import_batches,9,confirmed_by,bigint,YES
score_import_batches,10,row_count,integer,NO
score_import_batches,11,accepted_row_count,integer,NO
score_import_batches,12,rejected_row_count,integer,NO
score_import_batches,13,parsed_at,timestamp without time zone,YES
score_import_batches,14,confirmed_at,timestamp without time zone,YES
score_import_batches,15,error_message,text,YES
score_import_batches,16,notes,text,YES
score_import_batches,17,created_at,timestamp without time zone,YES
score_import_batches,18,updated_at,timestamp without time zone,YES
score_import_operation_logs,1,id,bigint,NO
score_import_operation_logs,2,tournament_id,bigint,NO
score_import_operation_logs,3,score_import_batch_id,bigint,YES
score_import_operation_logs,4,action,character varying,NO
score_import_operation_logs,5,status,character varying,NO
score_import_operation_logs,6,actor_user_id,bigint,YES
score_import_operation_logs,7,target_row_count,integer,NO
score_import_operation_logs,8,created_count,integer,NO
score_import_operation_logs,9,updated_count,integer,NO
score_import_operation_logs,10,skipped_count,integer,NO
score_import_operation_logs,11,message,text,YES
score_import_operation_logs,12,payload,json,YES
score_import_operation_logs,13,occurred_at,timestamp without time zone,NO
score_import_operation_logs,14,created_at,timestamp without time zone,YES
score_import_operation_logs,15,updated_at,timestamp without time zone,YES
score_import_row_candidates,1,id,bigint,NO
score_import_row_candidates,2,score_import_row_id,bigint,NO
score_import_row_candidates,3,candidate_type,character varying,NO
score_import_row_candidates,4,candidate_value,character varying,YES
score_import_row_candidates,5,tournament_participant_id,bigint,YES
score_import_row_candidates,6,pro_bowler_id,bigint,YES
score_import_row_candidates,7,confidence,numeric,YES
score_import_row_candidates,8,rank,integer,YES
score_import_row_candidates,9,payload,json,YES
score_import_row_candidates,10,is_selected,boolean,NO
score_import_row_candidates,11,created_at,timestamp without time zone,YES
score_import_row_candidates,12,updated_at,timestamp without time zone,YES
score_import_rows,1,id,bigint,NO
score_import_rows,2,score_import_batch_id,bigint,NO
score_import_rows,3,row_number,integer,NO
score_import_rows,4,raw_payload,json,YES
score_import_rows,5,parse_status,character varying,NO
score_import_rows,6,confidence,numeric,YES
score_import_rows,7,tournament_participant_id,bigint,YES
score_import_rows,8,pro_bowler_id,bigint,YES
score_import_rows,9,license_number,character varying,YES
score_import_rows,10,name,character varying,YES
score_import_rows,11,entry_number,character varying,YES
score_import_rows,12,stage,character varying,YES
score_import_rows,13,shift,character varying,YES
score_import_rows,14,gender,character varying,YES
score_import_rows,15,game_number,integer,YES
score_import_rows,16,score,smallint,YES
score_import_rows,17,error_message,text,YES
score_import_rows,18,reviewed_by,bigint,YES
score_import_rows,19,reviewed_at,timestamp without time zone,YES
score_import_rows,20,confirmed_game_score_id,bigint,YES
score_import_rows,21,created_at,timestamp without time zone,YES
score_import_rows,22,updated_at,timestamp without time zone,YES
score_series_definitions,1,id,bigint,NO
score_series_definitions,2,tournament_id,bigint,NO
score_series_definitions,3,stage,character varying,NO
score_series_definitions,4,shift,character varying,YES
score_series_definitions,5,gender,character,YES
score_series_definitions,6,label,character varying,NO
score_series_definitions,7,start_game,smallint,NO
score_series_definitions,8,end_game,smallint,NO
score_series_definitions,9,is_800_eligible,boolean,NO
score_series_definitions,10,is_enabled,boolean,NO
score_series_definitions,11,source,character varying,NO
score_series_definitions,12,created_at,timestamp without time zone,YES
score_series_definitions,13,updated_at,timestamp without time zone,YES
sessions,1,id,character varying,NO
sessions,2,user_id,bigint,YES
sessions,3,ip_address,character varying,YES
sessions,4,user_agent,text,YES
sessions,5,payload,text,NO
sessions,6,last_activity,integer,NO
sexes,1,id,bigint,NO
sexes,2,label,text,NO
sexes,3,update_date,timestamp without time zone,YES
sexes,4,created_by,character varying,YES
sexes,5,updated_by,character varying,YES
sponsors,1,id,bigint,NO
sponsors,2,name,character varying,NO
sponsors,3,logo_path,character varying,YES
sponsors,4,website,character varying,YES
sponsors,5,description,text,YES
sponsors,6,created_at,timestamp without time zone,YES
sponsors,7,updated_at,timestamp without time zone,YES
stage_settings,1,id,bigint,NO
stage_settings,2,tournament_id,bigint,NO
stage_settings,3,stage,character varying,NO
stage_settings,4,total_games,integer,YES
stage_settings,5,created_at,timestamp without time zone,YES
stage_settings,6,updated_at,timestamp without time zone,YES
stage_settings,7,enabled,boolean,NO
tournament_aggregate_definitions,1,id,bigint,NO
tournament_aggregate_definitions,2,tournament_id,bigint,NO
tournament_aggregate_definitions,3,code,character varying,NO
tournament_aggregate_definitions,4,name,character varying,NO
tournament_aggregate_definitions,5,subject_type,character varying,NO
tournament_aggregate_definitions,6,gender,character varying,YES
tournament_aggregate_definitions,7,require_all_sources,boolean,NO
tournament_aggregate_definitions,8,is_published,boolean,NO
tournament_aggregate_definitions,9,is_active,boolean,NO
tournament_aggregate_definitions,10,notes,text,YES
tournament_aggregate_definitions,11,created_at,timestamp without time zone,YES
tournament_aggregate_definitions,12,updated_at,timestamp without time zone,YES
tournament_aggregate_definitions,13,tie_break_policy,character varying,NO
tournament_aggregate_sources,1,id,bigint,NO
tournament_aggregate_sources,2,aggregate_definition_id,bigint,NO
tournament_aggregate_sources,3,source_tournament_id,bigint,NO
tournament_aggregate_sources,4,label,character varying,NO
tournament_aggregate_sources,5,stage,character varying,YES
tournament_aggregate_sources,6,game_from,smallint,YES
tournament_aggregate_sources,7,game_to,smallint,YES
tournament_aggregate_sources,8,expected_games_per_member,smallint,YES
tournament_aggregate_sources,9,is_required,boolean,NO
tournament_aggregate_sources,10,sort_order,integer,NO
tournament_aggregate_sources,11,created_at,timestamp without time zone,YES
tournament_aggregate_sources,12,updated_at,timestamp without time zone,YES
tournament_auto_draw_logs,1,id,bigint,NO
tournament_auto_draw_logs,2,tournament_id,bigint,NO
tournament_auto_draw_logs,3,target_type,character varying,NO
tournament_auto_draw_logs,4,deadline_at,timestamp without time zone,YES
tournament_auto_draw_logs,5,executed_at,timestamp without time zone,NO
tournament_auto_draw_logs,6,total_pending,integer,NO
tournament_auto_draw_logs,7,success_count,integer,NO
tournament_auto_draw_logs,8,failed_count,integer,NO
tournament_auto_draw_logs,9,details_json,json,YES
tournament_auto_draw_logs,10,created_at,timestamp without time zone,YES
tournament_auto_draw_logs,11,updated_at,timestamp without time zone,YES
tournament_awards,1,id,bigint,NO
tournament_awards,2,tournament_id,bigint,NO
tournament_awards,3,rank,integer,NO
tournament_awards,4,prize_money,integer,NO
tournament_awards,5,created_at,timestamp without time zone,YES
tournament_awards,6,updated_at,timestamp without time zone,YES
tournament_competitor_group_members,1,id,bigint,NO
tournament_competitor_group_members,2,competitor_group_id,bigint,NO
tournament_competitor_group_members,3,tournament_participant_id,bigint,NO
tournament_competitor_group_members,4,member_order,smallint,NO
tournament_competitor_group_members,5,created_at,timestamp without time zone,YES
tournament_competitor_group_members,6,updated_at,timestamp without time zone,YES
tournament_competitor_groups,1,id,bigint,NO
tournament_competitor_groups,2,tournament_id,bigint,NO
tournament_competitor_groups,3,group_type,character varying,NO
tournament_competitor_groups,4,code,character varying,YES
tournament_competitor_groups,5,name,character varying,NO
tournament_competitor_groups,6,division,character varying,YES
tournament_competitor_groups,7,expected_member_count,smallint,NO
tournament_competitor_groups,8,sort_order,integer,NO
tournament_competitor_groups,9,is_active,boolean,NO
tournament_competitor_groups,10,notes,text,YES
tournament_competitor_groups,11,created_at,timestamp without time zone,YES
tournament_competitor_groups,12,updated_at,timestamp without time zone,YES
tournament_draw_reminder_logs,1,id,bigint,NO
tournament_draw_reminder_logs,2,tournament_id,bigint,NO
tournament_draw_reminder_logs,3,tournament_entry_id,bigint,NO
tournament_draw_reminder_logs,4,reminder_kind,character varying,NO
tournament_draw_reminder_logs,5,pending_type,character varying,NO
tournament_draw_reminder_logs,6,scheduled_for_date,date,YES
tournament_draw_reminder_logs,7,dispatch_key,character varying,YES
tournament_draw_reminder_logs,8,recipient_email,character varying,NO
tournament_draw_reminder_logs,9,subject,character varying,NO
tournament_draw_reminder_logs,10,status,character varying,NO
tournament_draw_reminder_logs,11,sent_at,timestamp without time zone,YES
tournament_draw_reminder_logs,12,error_message,text,YES
tournament_draw_reminder_logs,13,created_at,timestamp without time zone,YES
tournament_draw_reminder_logs,14,updated_at,timestamp without time zone,YES
tournament_editions,1,id,bigint,NO
tournament_editions,2,tournament_series_id,bigint,YES
tournament_editions,3,year,smallint,NO
tournament_editions,4,season_key,character varying,NO
tournament_editions,5,name,character varying,NO
tournament_editions,6,edition_no,smallint,YES
tournament_editions,7,status,character varying,NO
tournament_editions,8,start_date,date,YES
tournament_editions,9,end_date,date,YES
tournament_editions,10,notes,text,YES
tournament_editions,11,created_at,timestamp without time zone,YES
tournament_editions,12,updated_at,timestamp without time zone,YES
tournament_entries,1,id,bigint,NO
tournament_entries,2,pro_bowler_id,bigint,NO
tournament_entries,3,tournament_id,bigint,NO
tournament_entries,4,status,character varying,NO
tournament_entries,5,is_paid,boolean,NO
tournament_entries,6,shift_drawn,boolean,NO
tournament_entries,7,lane_drawn,boolean,NO
tournament_entries,8,created_at,timestamp without time zone,YES
tournament_entries,9,updated_at,timestamp without time zone,YES
tournament_entries,10,shift,character varying,YES
tournament_entries,11,lane,smallint,YES
tournament_entries,12,checked_in_at,timestamp without time zone,YES
tournament_entries,13,waitlist_priority,integer,YES
tournament_entries,14,waitlisted_at,timestamp without time zone,YES
tournament_entries,15,waitlist_note,text,YES
tournament_entries,16,promoted_from_waitlist_at,timestamp without time zone,YES
tournament_entries,17,preferred_shift_code,character varying,YES
tournament_entry_balls,1,id,bigint,NO
tournament_entry_balls,2,tournament_entry_id,bigint,YES
tournament_entry_balls,3,used_ball_id,bigint,YES
tournament_entry_balls,4,created_at,timestamp without time zone,YES
tournament_entry_balls,5,updated_at,timestamp without time zone,YES
tournament_entry_operation_logs,1,id,bigint,NO
tournament_entry_operation_logs,2,tournament_id,bigint,NO
tournament_entry_operation_logs,3,tournament_entry_id,bigint,YES
tournament_entry_operation_logs,4,pro_bowler_id,bigint,YES
tournament_entry_operation_logs,5,action,character varying,NO
tournament_entry_operation_logs,6,from_status,character varying,YES
tournament_entry_operation_logs,7,to_status,character varying,YES
tournament_entry_operation_logs,8,reason,text,YES
tournament_entry_operation_logs,9,batch_key,character varying,YES
tournament_entry_operation_logs,10,actor_user_id,bigint,YES
tournament_entry_operation_logs,11,payload,json,YES
tournament_entry_operation_logs,12,occurred_at,timestamp without time zone,NO
tournament_entry_operation_logs,13,created_at,timestamp without time zone,YES
tournament_entry_operation_logs,14,updated_at,timestamp without time zone,YES
tournament_entry_rules,1,id,bigint,NO
tournament_entry_rules,2,tournament_id,bigint,NO
tournament_entry_rules,3,rule_type,character varying,NO
tournament_entry_rules,4,priority_order,integer,YES
tournament_entry_rules,5,max_count,integer,YES
tournament_entry_rules,6,source_tournament_id,bigint,YES
tournament_entry_rules,7,source_series_id,bigint,YES
tournament_entry_rules,8,parameters,json,YES
tournament_entry_rules,9,auto_sync,boolean,NO
tournament_entry_rules,10,is_active,boolean,NO
tournament_entry_rules,11,created_at,timestamp without time zone,YES
tournament_entry_rules,12,updated_at,timestamp without time zone,YES
tournament_files,1,id,bigint,NO
tournament_files,2,tournament_id,bigint,NO
tournament_files,3,type,character varying,NO
tournament_files,4,title,character varying,YES
tournament_files,5,file_path,character varying,NO
tournament_files,6,visibility,character varying,NO
tournament_files,7,sort_order,integer,NO
tournament_match_score_frames,1,id,bigint,NO
tournament_match_score_frames,2,score_sheet_player_id,bigint,NO
tournament_match_score_frames,3,frame_no,smallint,NO
tournament_match_score_frames,4,throw1,character varying,YES
tournament_match_score_frames,5,throw2,character varying,YES
tournament_match_score_frames,6,throw3,character varying,YES
tournament_match_score_frames,7,frame_score,integer,YES
tournament_match_score_frames,8,cumulative_score,integer,YES
tournament_match_score_frames,9,display_marks,json,YES
tournament_match_score_frames,10,created_at,timestamp without time zone,YES
tournament_match_score_frames,11,updated_at,timestamp without time zone,YES
tournament_match_score_frames,12,remaining_pins,jsonb,YES
tournament_match_score_sheet_players,1,id,bigint,NO
tournament_match_score_sheet_players,2,score_sheet_id,bigint,NO
tournament_match_score_sheet_players,3,sort_order,integer,NO
tournament_match_score_sheet_players,4,player_slot,character varying,YES
tournament_match_score_sheet_players,5,pro_bowler_id,bigint,YES
tournament_match_score_sheet_players,6,pro_bowler_license_no,character varying,YES
tournament_match_score_sheet_players,7,display_name,character varying,NO
tournament_match_score_sheet_players,8,name_kana,character varying,YES
tournament_match_score_sheet_players,9,dominant_arm,character varying,YES
tournament_match_score_sheet_players,10,lane_label,character varying,YES
tournament_match_score_sheet_players,11,final_score,integer,NO
tournament_match_score_sheet_players,12,is_winner,boolean,NO
tournament_match_score_sheet_players,13,score_summary,json,YES
tournament_match_score_sheet_players,14,created_at,timestamp without time zone,YES
tournament_match_score_sheet_players,15,updated_at,timestamp without time zone,YES
tournament_match_score_sheets,1,id,bigint,NO
tournament_match_score_sheets,2,tournament_id,bigint,NO
tournament_match_score_sheets,3,sheet_type,character varying,NO
tournament_match_score_sheets,4,stage_code,character varying,YES
tournament_match_score_sheets,5,match_code,character varying,YES
tournament_match_score_sheets,6,match_label,character varying,YES
tournament_match_score_sheets,7,match_order,integer,NO
tournament_match_score_sheets,8,game_number,integer,NO
tournament_match_score_sheets,9,lane_label,character varying,YES
tournament_match_score_sheets,10,is_published,boolean,NO
tournament_match_score_sheets,11,confirmed_at,timestamp without time zone,YES
tournament_match_score_sheets,12,notes,text,YES
tournament_match_score_sheets,13,created_at,timestamp without time zone,YES
tournament_match_score_sheets,14,updated_at,timestamp without time zone,YES
tournament_organizations,1,id,bigint,NO
tournament_organizations,2,tournament_id,bigint,NO
tournament_organizations,3,category,character varying,NO
tournament_organizations,4,name,character varying,NO
tournament_organizations,5,url,character varying,YES
tournament_organizations,6,sort_order,integer,NO
tournament_participants,1,id,bigint,NO
tournament_participants,2,tournament_id,bigint,NO
tournament_participants,3,pro_bowler_license_no,character varying,NO
tournament_participants,4,created_at,timestamp without time zone,YES
tournament_participants,5,updated_at,timestamp without time zone,YES
tournament_participants,6,pro_bowler_id,bigint,YES
tournament_participants,7,participant_type,character varying,NO
tournament_participants,8,display_name,character varying,YES
tournament_participants,9,display_license_no,character varying,YES
tournament_participants,10,gender,character varying,YES
tournament_participants,11,shift,character varying,YES
tournament_participants,12,lane,smallint,YES
tournament_participants,13,lane_slot,smallint,YES
tournament_participants,14,lane_label,character varying,YES
tournament_participants,15,box_no,smallint,YES
tournament_participants,16,sort_order,integer,YES
tournament_participants,17,source_note,text,YES
tournament_participants,18,is_temporary,boolean,NO
tournament_participants,19,amateur_bowler_id,bigint,YES
tournament_participants,20,display_dominant_arm,character varying,YES
tournament_participants,21,display_affiliation_name,character varying,YES
tournament_participants,22,display_equipment_contract,character varying,YES
tournament_points,1,tournament_id,bigint,NO
tournament_points,2,rank,integer,NO
tournament_points,3,point,integer,NO
tournament_points,4,created_at,timestamp without time zone,YES
tournament_points,5,updated_at,timestamp without time zone,YES
tournament_result_format_versions,1,id,bigint,NO
tournament_result_format_versions,2,tournament_result_format_id,bigint,NO
tournament_result_format_versions,3,version_no,integer,NO
tournament_result_format_versions,4,template_disk,character varying,NO
tournament_result_format_versions,5,template_path,character varying,NO
tournament_result_format_versions,6,notes,text,YES
tournament_result_format_versions,7,is_active,boolean,NO
tournament_result_format_versions,8,created_at,timestamp without time zone,YES
tournament_result_format_versions,9,updated_at,timestamp without time zone,YES
tournament_result_formats,1,id,bigint,NO
tournament_result_formats,2,name,character varying,NO
tournament_result_formats,3,code,character varying,NO
tournament_result_formats,4,description,text,YES
tournament_result_formats,5,is_active,boolean,NO
tournament_result_formats,6,created_at,timestamp without time zone,YES
tournament_result_formats,7,updated_at,timestamp without time zone,YES
tournament_result_outputs,1,id,bigint,NO
tournament_result_outputs,2,tournament_id,bigint,NO
tournament_result_outputs,3,output_type,character varying,NO
tournament_result_outputs,4,output_scope,character varying,NO
tournament_result_outputs,5,distribution_pattern_id,bigint,YES
tournament_result_outputs,6,settings,json,YES
tournament_result_outputs,7,is_active,boolean,NO
tournament_result_outputs,8,created_at,timestamp without time zone,YES
tournament_result_outputs,9,updated_at,timestamp without time zone,YES
tournament_result_publication_rows,1,id,bigint,NO
tournament_result_publication_rows,2,publication_id,bigint,NO
tournament_result_publication_rows,3,source_snapshot_id,bigint,YES
tournament_result_publication_rows,4,source_snapshot_row_id,bigint,YES
tournament_result_publication_rows,5,source_result_code,character varying,YES
tournament_result_publication_rows,6,ranking,integer,NO
tournament_result_publication_rows,7,pro_bowler_id,bigint,YES
tournament_result_publication_rows,8,amateur_bowler_id,bigint,YES
tournament_result_publication_rows,9,pro_bowler_license_no,character varying,YES
tournament_result_publication_rows,10,amateur_name,character varying,YES
tournament_result_publication_rows,11,display_name,character varying,NO
tournament_result_publication_rows,12,identity_key,character varying,NO
tournament_result_publication_rows,13,gender,character varying,YES
tournament_result_publication_rows,14,entry_number,character varying,YES
tournament_result_publication_rows,15,total_pin,integer,NO
tournament_result_publication_rows,16,games,integer,NO
tournament_result_publication_rows,17,average,numeric,YES
tournament_result_publication_rows,18,points,integer,NO
tournament_result_publication_rows,19,award_points,integer,NO
tournament_result_publication_rows,20,step_points,integer,NO
tournament_result_publication_rows,21,prize_money,bigint,NO
tournament_result_publication_rows,22,affiliation_display,text,YES
tournament_result_publication_rows,23,breakdown,json,YES
tournament_result_publication_rows,24,created_at,timestamp without time zone,YES
tournament_result_publication_rows,25,updated_at,timestamp without time zone,YES
tournament_result_publications,1,id,bigint,NO
tournament_result_publications,2,tournament_id,bigint,NO
tournament_result_publications,3,snapshot_id,bigint,YES
tournament_result_publications,4,revision,integer,NO
tournament_result_publications,5,status,character varying,NO
tournament_result_publications,6,row_count,integer,NO
tournament_result_publications,7,pro_count,integer,NO
tournament_result_publications,8,amateur_count,integer,NO
tournament_result_publications,9,total_points,bigint,NO
tournament_result_publications,10,total_prize_money,bigint,NO
tournament_result_publications,11,result_checksum,character,NO
tournament_result_publications,12,distribution_checksum,character,NO
tournament_result_publications,13,source_snapshot_ids,json,NO
tournament_result_publications,14,validation_summary,json,YES
tournament_result_publications,15,title_sync_summary,json,YES
tournament_result_publications,16,published_at,timestamp without time zone,NO
tournament_result_publications,17,published_by,bigint,YES
tournament_result_publications,18,superseded_at,timestamp without time zone,YES
tournament_result_publications,19,notes,text,YES
tournament_result_publications,20,created_at,timestamp without time zone,YES
tournament_result_publications,21,updated_at,timestamp without time zone,YES
tournament_result_snapshot_rows,1,id,bigint,NO
tournament_result_snapshot_rows,2,snapshot_id,bigint,NO
tournament_result_snapshot_rows,3,ranking,integer,NO
tournament_result_snapshot_rows,4,pro_bowler_id,bigint,YES
tournament_result_snapshot_rows,5,pro_bowler_license_no,character varying,YES
tournament_result_snapshot_rows,6,amateur_name,character varying,YES
tournament_result_snapshot_rows,7,display_name,character varying,NO
tournament_result_snapshot_rows,8,gender,character varying,YES
tournament_result_snapshot_rows,9,shift,character varying,YES
tournament_result_snapshot_rows,10,entry_number,character varying,YES
tournament_result_snapshot_rows,11,scratch_pin,integer,NO
tournament_result_snapshot_rows,12,carry_pin,integer,NO
tournament_result_snapshot_rows,13,total_pin,integer,NO
tournament_result_snapshot_rows,14,games,integer,NO
tournament_result_snapshot_rows,15,average,numeric,YES
tournament_result_snapshot_rows,16,tie_break_value,integer,YES
tournament_result_snapshot_rows,17,points,integer,YES
tournament_result_snapshot_rows,18,prize_money,numeric,YES
tournament_result_snapshot_rows,19,created_at,timestamp without time zone,YES
tournament_result_snapshot_rows,20,updated_at,timestamp without time zone,YES
tournament_result_snapshot_rows,21,subject_type,character varying,NO
tournament_result_snapshot_rows,22,competitor_group_id,bigint,YES
tournament_result_snapshot_rows,23,amateur_bowler_id,bigint,YES
tournament_result_snapshot_rows,24,identity_key,character varying,YES
tournament_result_snapshot_rows,25,source_count,smallint,NO
tournament_result_snapshot_rows,26,is_complete,boolean,NO
tournament_result_snapshot_rows,27,breakdown,json,YES
tournament_result_snapshots,1,id,bigint,NO
tournament_result_snapshots,2,tournament_id,bigint,NO
tournament_result_snapshots,3,result_code,character varying,NO
tournament_result_snapshots,4,result_name,character varying,NO
tournament_result_snapshots,5,result_type,character varying,NO
tournament_result_snapshots,6,stage_name,character varying,YES
tournament_result_snapshots,7,gender,character varying,YES
tournament_result_snapshots,8,shift,character varying,YES
tournament_result_snapshots,9,games_count,integer,NO
tournament_result_snapshots,10,carry_game_count,integer,NO
tournament_result_snapshots,11,carry_stage_names,json,YES
tournament_result_snapshots,12,reflected_at,timestamp without time zone,YES
tournament_result_snapshots,13,reflected_by,bigint,YES
tournament_result_snapshots,14,is_final,boolean,NO
tournament_result_snapshots,15,is_published,boolean,NO
tournament_result_snapshots,16,is_current,boolean,NO
tournament_result_snapshots,17,notes,text,YES
tournament_result_snapshots,18,created_at,timestamp without time zone,YES
tournament_result_snapshots,19,updated_at,timestamp without time zone,YES
tournament_result_snapshots,20,calculation_definition,json,YES
tournament_result_snapshots,21,aggregate_definition_id,bigint,YES
tournament_results,1,id,bigint,NO
tournament_results,2,pro_bowler_license_no,character varying,NO
tournament_results,3,tournament_id,bigint,NO
tournament_results,4,ranking,integer,YES
tournament_results,5,points,integer,YES
tournament_results,6,total_pin,integer,YES
tournament_results,7,games,integer,YES
tournament_results,8,average,numeric,YES
tournament_results,9,prize_money,integer,YES
tournament_results,10,ranking_year,integer,NO
tournament_results,11,created_at,timestamp without time zone,YES
tournament_results,12,updated_at,timestamp without time zone,YES
tournament_results,13,amateur_name,character varying,YES
tournament_results,14,pro_bowler_id,bigint,YES
tournament_results,15,affiliation_display,text,YES
tournament_results,16,award_points,integer,YES
tournament_results,17,step_points,integer,YES
tournament_round_lane_assignments,1,id,bigint,NO
tournament_round_lane_assignments,2,tournament_id,bigint,NO
tournament_round_lane_assignments,3,source_result_snapshot_id,bigint,YES
tournament_round_lane_assignments,4,tournament_participant_id,bigint,YES
tournament_round_lane_assignments,5,pro_bowler_id,bigint,YES
tournament_round_lane_assignments,6,stage,character varying,NO
tournament_round_lane_assignments,7,round_label,character varying,YES
tournament_round_lane_assignments,8,game_from,smallint,YES
tournament_round_lane_assignments,9,game_to,smallint,YES
tournament_round_lane_assignments,10,seed_rank,integer,YES
tournament_round_lane_assignments,11,pro_bowler_license_no,character varying,YES
tournament_round_lane_assignments,12,display_license_no,character varying,YES
tournament_round_lane_assignments,13,display_name,character varying,NO
tournament_round_lane_assignments,14,period_label,character varying,YES
tournament_round_lane_assignments,15,dominant_arm,character varying,YES
tournament_round_lane_assignments,16,affiliation_display,text,YES
tournament_round_lane_assignments,17,source_total_pin,integer,YES
tournament_round_lane_assignments,18,source_games,smallint,YES
tournament_round_lane_assignments,19,source_average,numeric,YES
tournament_round_lane_assignments,20,start_lane,smallint,YES
tournament_round_lane_assignments,21,lane_slot,smallint,YES
tournament_round_lane_assignments,22,start_lane_label,character varying,YES
tournament_round_lane_assignments,23,box_no,smallint,YES
tournament_round_lane_assignments,24,movement_direction,character varying,NO
tournament_round_lane_assignments,25,movement_box_step,smallint,NO
tournament_round_lane_assignments,26,movement_boxes,json,YES
tournament_round_lane_assignments,27,game_start_time,time without time zone,YES
tournament_round_lane_assignments,28,game_interval_minutes,smallint,YES
tournament_round_lane_assignments,29,tv_lane_from,smallint,YES
tournament_round_lane_assignments,30,tv_lane_to,smallint,YES
tournament_round_lane_assignments,31,sort_order,integer,YES
tournament_round_lane_assignments,32,note,text,YES
tournament_round_lane_assignments,33,created_at,timestamp without time zone,YES
tournament_round_lane_assignments,34,updated_at,timestamp without time zone,YES
tournament_seed_players,1,id,bigint,NO
tournament_seed_players,2,tournament_id,bigint,NO
tournament_seed_players,3,pro_bowler_id,bigint,YES
tournament_seed_players,4,license_no,character varying,YES
tournament_seed_players,5,seed_source_type,character varying,NO
tournament_seed_players,6,seed_list_player_id,bigint,YES
tournament_seed_players,7,ranking_snapshot_id,bigint,YES
tournament_seed_players,8,ranking_rank,integer,YES
tournament_seed_players,9,source_tournament_id,bigint,YES
tournament_seed_players,10,pro_bowler_title_id,bigint,YES
tournament_seed_players,11,priority_order,integer,YES
tournament_seed_players,12,display_label,character varying,YES
tournament_seed_players,13,note,text,YES
tournament_seed_players,14,is_active,boolean,NO
tournament_seed_players,15,created_at,timestamp without time zone,YES
tournament_seed_players,16,updated_at,timestamp without time zone,YES
tournament_series,1,id,bigint,NO
tournament_series,2,name,character varying,NO
tournament_series,3,code,character varying,YES
tournament_series,4,recurrence_type,character varying,NO
tournament_series,5,description,text,YES
tournament_series,6,is_active,boolean,NO
tournament_series,7,created_at,timestamp without time zone,YES
tournament_series,8,updated_at,timestamp without time zone,YES
tournament_template_versions,1,id,bigint,NO
tournament_template_versions,2,tournament_template_id,bigint,NO
tournament_template_versions,3,version,integer,NO
tournament_template_versions,4,status,character varying,NO
tournament_template_versions,5,settings,json,NO
tournament_template_versions,6,change_note,text,YES
tournament_template_versions,7,published_at,timestamp without time zone,YES
tournament_template_versions,8,created_at,timestamp without time zone,YES
tournament_template_versions,9,updated_at,timestamp without time zone,YES
tournament_templates,1,id,bigint,NO
tournament_templates,2,tournament_series_id,bigint,YES
tournament_templates,3,name,character varying,NO
tournament_templates,4,code,character varying,YES
tournament_templates,5,description,text,YES
tournament_templates,6,is_active,boolean,NO
tournament_templates,7,created_at,timestamp without time zone,YES
tournament_templates,8,updated_at,timestamp without time zone,YES
tournaments,1,id,bigint,NO
tournaments,2,name,character varying,NO
tournaments,3,start_date,date,YES
tournaments,4,end_date,date,YES
tournaments,5,venue_name,character varying,YES
tournaments,6,venue_address,character varying,YES
tournaments,7,venue_tel,character varying,YES
tournaments,8,venue_fax,character varying,YES
tournaments,9,host,character varying,YES
tournaments,10,special_sponsor,character varying,YES
tournaments,11,support,character varying,YES
tournaments,12,sponsor,character varying,YES
tournaments,13,supervisor,character varying,YES
tournaments,14,authorized_by,character varying,YES
tournaments,15,broadcast,character varying,YES
tournaments,16,streaming,character varying,YES
tournaments,17,prize,character varying,YES
tournaments,18,audience,character varying,YES
tournaments,19,entry_conditions,text,YES
tournaments,20,materials,text,YES
tournaments,21,previous_event,character varying,YES
tournaments,22,image_path,character varying,YES
tournaments,23,created_at,timestamp without time zone,YES
tournaments,24,updated_at,timestamp without time zone,YES
tournaments,25,shift_draw_open_at,timestamp without time zone,YES
tournaments,26,shift_draw_close_at,timestamp without time zone,YES
tournaments,27,lane_draw_open_at,timestamp without time zone,YES
tournaments,28,lane_draw_close_at,timestamp without time zone,YES
tournaments,29,lane_from,smallint,YES
tournaments,30,lane_to,smallint,YES
tournaments,31,shift_codes,character varying,YES
tournaments,32,title_logo_path,character varying,YES
tournaments,33,year,integer,YES
tournaments,34,gender,character varying,NO
tournaments,35,official_type,character varying,NO
tournaments,36,entry_start,timestamp without time zone,YES
tournaments,37,entry_end,timestamp without time zone,YES
tournaments,38,inspection_required,boolean,NO
tournaments,39,title_category,character varying,NO
tournaments,40,venue_id,bigint,YES
tournaments,41,broadcast_url,character varying,YES
tournaments,42,streaming_url,character varying,YES
tournaments,43,previous_event_url,character varying,YES
tournaments,44,spectator_policy,character varying,YES
tournaments,45,admission_fee,text,YES
tournaments,46,hero_image_path,character varying,YES
tournaments,47,poster_images,json,YES
tournaments,48,extra_venues,json,YES
tournaments,49,sidebar_schedule,json,YES
tournaments,50,award_highlights,json,YES
tournaments,51,gallery_items,json,YES
tournaments,52,simple_result_pdfs,json,YES
tournaments,53,result_cards,json,YES
tournaments,54,use_shift_draw,boolean,NO
tournaments,55,use_lane_draw,boolean,NO
tournaments,56,lane_assignment_mode,character varying,NO
tournaments,57,box_player_count,smallint,YES
tournaments,58,odd_lane_player_count,smallint,YES
tournaments,59,even_lane_player_count,smallint,YES
tournaments,60,accept_shift_preference,boolean,NO
tournaments,61,auto_draw_reminder_enabled,boolean,NO
tournaments,62,auto_draw_reminder_days_before,smallint,NO
tournaments,63,auto_draw_reminder_pending_type,character varying,NO
tournaments,64,shift_auto_draw_reminder_enabled,boolean,NO
tournaments,65,shift_auto_draw_reminder_send_on,date,YES
tournaments,66,lane_auto_draw_reminder_enabled,boolean,NO
tournaments,67,lane_auto_draw_reminder_send_on,date,YES
tournaments,68,result_flow_type,character varying,NO
tournaments,69,round_robin_qualifier_count,integer,YES
tournaments,70,round_robin_win_bonus,integer,YES
tournaments,71,round_robin_tie_bonus,integer,YES
tournaments,72,round_robin_position_round_enabled,boolean,NO
tournaments,73,single_elimination_qualifier_count,integer,YES
tournaments,74,single_elimination_seed_source_result_code,character varying,YES
tournaments,75,single_elimination_seed_policy,character varying,YES
tournaments,76,single_elimination_seed_settings,json,YES
tournaments,77,result_carry_preset,character varying,YES
tournaments,78,result_carry_settings,json,YES
tournaments,79,shootout_qualifier_count,integer,YES
tournaments,80,shootout_seed_source_result_code,character varying,YES
tournaments,81,shootout_format,character varying,YES
tournaments,82,shootout_settings,json,YES
tournaments,83,lane_movement_settings,json,YES
tournaments,84,tournament_series_id,bigint,YES
tournaments,85,tournament_edition_id,bigint,YES
tournaments,86,tournament_template_version_id,bigint,YES
tournaments,87,setup_status,character varying,NO
tournaments,88,competition_type,character varying,NO
tournaments,89,include_annual_seeds,boolean,NO
tournaments,90,annual_seed_rank_limit,integer,YES
tournaments,91,auto_sync_priority_rules,boolean,NO
tournaments,92,counts_for_official_points,boolean,NO
tournaments,93,counts_for_average,boolean,NO
tournaments,94,counts_for_prize,boolean,NO
tournaments,95,title_scope,character varying,NO
tournaments,96,template_snapshot,json,YES
tournaments,97,tournament_result_format_version_id,bigint,YES
tournaments,98,ball_registration_limit,smallint,NO
tournamentscore,1,id,bigint,NO
tournamentscore,2,name,character varying,NO
tournamentscore,3,created_at,timestamp without time zone,YES
tournamentscore,4,updated_at,timestamp without time zone,YES
training_compliance_notifications,1,id,bigint,NO
training_compliance_notifications,2,pro_bowler_id,bigint,NO
training_compliance_notifications,3,pro_bowler_training_id,bigint,YES
training_compliance_notifications,4,notification_type,character varying,NO
training_compliance_notifications,5,expires_on,date,NO
training_compliance_notifications,6,notice_year,smallint,NO
training_compliance_notifications,7,recipient_email,character varying,YES
training_compliance_notifications,8,status,character varying,NO
training_compliance_notifications,9,sent_at,timestamp without time zone,YES
training_compliance_notifications,10,error_message,text,YES
training_compliance_notifications,11,requested_by_user_id,bigint,YES
training_compliance_notifications,12,created_at,timestamp without time zone,YES
training_compliance_notifications,13,updated_at,timestamp without time zone,YES
training_official_list_entries,1,id,bigint,NO
training_official_list_entries,2,training_official_list_id,bigint,NO
training_official_list_entries,3,pro_bowler_id,bigint,YES
training_official_list_entries,4,gender,character,NO
training_official_list_entries,5,license_no_num,integer,NO
training_official_list_entries,6,source_order,integer,NO
training_official_list_entries,7,source_name,character varying,YES
training_official_list_entries,8,match_status,character varying,NO
training_official_list_entries,9,notes,text,YES
training_official_list_entries,10,created_at,timestamp without time zone,YES
training_official_list_entries,11,updated_at,timestamp without time zone,YES
training_official_lists,1,id,bigint,NO
training_official_lists,2,training_id,bigint,NO
training_official_lists,3,edition_number,smallint,NO
training_official_lists,4,title,character varying,NO
training_official_lists,5,valid_from,date,NO
training_official_lists,6,valid_through,date,NO
training_official_lists,7,source_page_url,text,YES
training_official_lists,8,source_url,text,NO
training_official_lists,9,source_published_at,timestamp without time zone,NO
training_official_lists,10,source_sha256,character varying,NO
training_official_lists,11,is_current,boolean,NO
training_official_lists,12,sync_status,character varying,NO
training_official_lists,13,total_count,integer,NO
training_official_lists,14,male_count,integer,NO
training_official_lists,15,female_count,integer,NO
training_official_lists,16,matched_count,integer,NO
training_official_lists,17,unmatched_count,integer,NO
training_official_lists,18,inactive_count,integer,NO
training_official_lists,19,imported_at,timestamp without time zone,YES
training_official_lists,20,imported_by_user_id,bigint,YES
training_official_lists,21,notes,text,YES
training_official_lists,22,created_at,timestamp without time zone,YES
training_official_lists,23,updated_at,timestamp without time zone,YES
training_session_participants,1,id,bigint,NO
training_session_participants,2,training_session_id,bigint,NO
training_session_participants,3,pro_bowler_id,bigint,NO
training_session_participants,4,attendance_status,character varying,NO
training_session_participants,5,notes,text,YES
training_session_participants,6,pro_bowler_training_id,bigint,YES
training_session_participants,7,processed_at,timestamp without time zone,YES
training_session_participants,8,processed_by_user_id,bigint,YES
training_session_participants,9,created_at,timestamp without time zone,YES
training_session_participants,10,updated_at,timestamp without time zone,YES
training_sessions,1,id,bigint,NO
training_sessions,2,training_id,bigint,NO
training_sessions,3,session_year,smallint,NO
training_sessions,4,name,character varying,NO
training_sessions,5,held_on,date,NO
training_sessions,6,venue,character varying,YES
training_sessions,7,status,character varying,NO
training_sessions,8,notes,text,YES
training_sessions,9,finalized_at,timestamp without time zone,YES
training_sessions,10,finalized_by_user_id,bigint,YES
training_sessions,11,created_by_user_id,bigint,YES
training_sessions,12,updated_by_user_id,bigint,YES
training_sessions,13,created_at,timestamp without time zone,YES
training_sessions,14,updated_at,timestamp without time zone,YES
trainings,1,id,bigint,NO
trainings,2,code,character varying,NO
trainings,3,name,character varying,NO
trainings,4,valid_for_months,integer,NO
trainings,5,mandatory,boolean,NO
trainings,6,created_at,timestamp without time zone,YES
trainings,7,updated_at,timestamp without time zone,YES
usbc_approved_ball_entries,1,id,bigint,NO
usbc_approved_ball_entries,2,list_id,bigint,NO
usbc_approved_ball_entries,3,brand,character varying,NO
usbc_approved_ball_entries,4,name,character varying,NO
usbc_approved_ball_entries,5,approved_date_text,character varying,YES
usbc_approved_ball_entries,6,approved_on,date,YES
usbc_approved_ball_entries,7,image_url,text,YES
usbc_approved_ball_entries,8,normalized_brand,character varying,NO
usbc_approved_ball_entries,9,normalized_name,character varying,NO
usbc_approved_ball_entries,10,source_fingerprint,character varying,NO
usbc_approved_ball_entries,11,created_at,timestamp without time zone,YES
usbc_approved_ball_entries,12,updated_at,timestamp without time zone,YES
usbc_approved_ball_lists,1,id,bigint,NO
usbc_approved_ball_lists,2,official_updated_on,date,YES
usbc_approved_ball_lists,3,source_page_url,text,NO
usbc_approved_ball_lists,4,source_pdf_url,text,YES
usbc_approved_ball_lists,5,source_api_url,text,NO
usbc_approved_ball_lists,6,source_sha256,character varying,NO
usbc_approved_ball_lists,7,status,character varying,NO
usbc_approved_ball_lists,8,fetched_at,timestamp without time zone,NO
usbc_approved_ball_lists,9,completed_at,timestamp without time zone,YES
usbc_approved_ball_lists,10,brand_count,integer,NO
usbc_approved_ball_lists,11,entry_count,integer,NO
usbc_approved_ball_lists,12,matched_catalog_count,integer,NO
usbc_approved_ball_lists,13,ambiguous_catalog_count,integer,NO
usbc_approved_ball_lists,14,unlisted_catalog_count,integer,NO
usbc_approved_ball_lists,15,report,json,YES
usbc_approved_ball_lists,16,created_at,timestamp without time zone,YES
usbc_approved_ball_lists,17,updated_at,timestamp without time zone,YES
used_balls,1,id,bigint,NO
used_balls,2,pro_bowler_id,bigint,NO
used_balls,3,approved_ball_id,bigint,NO
used_balls,4,serial_number,character varying,NO
used_balls,5,inspection_number,character varying,YES
used_balls,6,registered_at,date,NO
used_balls,7,expires_at,date,YES
used_balls,8,created_at,timestamp without time zone,YES
used_balls,9,updated_at,timestamp without time zone,YES
users,1,id,bigint,NO
users,2,name,character varying,NO
users,3,email,character varying,NO
users,4,email_verified_at,timestamp without time zone,YES
users,5,password,character varying,NO
users,6,remember_token,character varying,YES
users,7,created_at,timestamp without time zone,YES
users,8,updated_at,timestamp without time zone,YES
users,9,role,character varying,NO
users,10,is_admin,boolean,NO
users,11,pro_bowler_license_no,character varying,YES
users,12,pro_bowler_id,bigint,YES
users,13,license_no,character varying,YES
venues,1,id,bigint,NO
venues,2,name,character varying,NO
venues,3,address,character varying,YES
venues,4,postal_code,character varying,YES
venues,5,city,character varying,YES
venues,6,prefecture,character varying,YES
venues,7,created_at,timestamp without time zone,YES
venues,8,updated_at,timestamp without time zone,YES
venues,9,tel,character varying,YES
venues,10,fax,character varying,YES
venues,11,website_url,character varying,YES
venues,12,note,text,YES
venues,13,canonical_key,character varying,YES
venues,14,aliases,json,YES
venues,15,is_active,boolean,NO
venues,16,source_url,character varying,YES
venues,17,source_checked_at,date,YES
venues,18,first_hosted_year,smallint,YES
venues,19,last_hosted_year,smallint,YES
